0.03300118446350098,98.94684421052632,98.0570147368421,105.15811789473685,100.72065894736842,100.89149045614036,-0.01779061403508706
0.07357382774353027,98.94516210526315,97.89264421052631,105.15928421052631,100.66569684210526,100.87905887719299,-0.01785386315789452
0.1049201488494873,98.85842947368421,97.91135368421052,105.06510736842105,100.6116301754386,100.86231414035089,-0.018327156140350097
0.13693714141845703,98.98435578947368,97.94091157894736,105.14113684210527,100.68880140350876,100.84989757894738,-0.018555791228070006
0.16893386840820312,98.83733684210526,97.98225263157894,105.09678315789473,100.63879087719299,100.83457761403508,-0.018902659649123875
0.21551871299743652,98.91664631578948,97.97817684210526,105.08982105263158,100.66154807017544,100.82203098245614,-0.01882170175438702
0.24689269065856934,98.91605894736843,97.99015368421053,105.11394526315789,100.67338596491227,100.80965340350878,-0.01855075964912345
0.27790307998657227,98.88345263157895,98.00565052631579,105.13266947368422,100.67392421052632,100.79730273684211,-0.01811265263157935
0.3099045753479004,98.96441052631579,98.04262947368422,105.11061263157895,100.70588421052632,100.78865080701755,-0.01727854210526374
0.3405144214630127,98.96441052631579,98.04262947368422,105.11061263157895,100.70588421052632,100.779998877193,-0.01662329298245595
0.38690829277038574,98.96441052631579,98.04262947368422,105.11061263157895,100.70588421052632,100.77134017543861,-0.01584535964912277
0.43291139602661133,98.97710736842106,98.00077894736842,105.1752652631579,100.71771719298245,100.76411663157896,-0.014938929824560887
0.4644763469696045,98.95230736842105,97.99900842105264,105.15538105263158,100.70223228070176,100.7530197894737,-0.014014524561403618
0.49590635299682617,98.91725473684211,97.99644210526316,105.1380947368421,100.68393052631579,100.74081775438597,-0.013154884210526064
0.5409049987792969,98.91725473684211,97.99644210526316,105.1380947368421,100.68393052631579,100.73272873684212,-0.012586605263157935
0.591651201248169,98.9380547368421,98.00474736842105,105.14063789473684,100.69448,100.71929364912282,-0.012782471929823912
0.6322581768035889,99.01694315789474,98.0564547368421,105.19357684210526,100.75565824561403,100.7086285263158,-0.012837547368420132
0.6642587184906006,98.97305684210527,98.05594105263158,105.13919578947369,100.72273122807019,100.6963170526316,-0.012864640350876044
0.6962769031524658,99.01141052631579,98.00800842105264,105.19092210526316,100.7367803508772,100.69351042105265,-0.011976371929824125
0.7427306175231934,98.99060210526316,98.04716,105.1687852631579,100.7355157894737,100.6942532631579,-0.01090056842105227
0.7745037078857422,98.97477473684211,98.04775368421052,105.14147368421052,100.72133403508774,100.69428701754387,-0.009860171929824446
0.8053414821624756,98.97477473684211,98.04775368421052,105.14147368421052,100.72133403508774,100.69706887719299,-0.00909949999999995
0.8509323596954346,98.97477473684211,98.04775368421052,105.14147368421052,100.72133403508774,100.70255407017545,-0.007988003508771869
0.8919365406036377,98.97477473684211,98.04775368421052,105.14147368421052,100.72133403508774,100.70418070175438,-0.007285843859649787
0.9369359016418457,98.97477473684211,98.04775368421052,105.14147368421052,100.72133403508774,100.70830785964912,-0.0063134877192979385
0.9849381446838379,98.97477473684211,98.04775368421052,105.14147368421052,100.72133403508774,100.71129715789473,-0.005536691228070367
1.0309369564056396,98.94746947368421,98.02488210526316,105.12067368421053,100.6976750877193,100.7125116140351,-0.004857089473684084
1.0769336223602295,98.93047157894736,97.88713684210526,105.1273052631579,100.6483045614035,100.71123063157896,-0.004303605263157806
1.1239385604858398,98.87777894736843,97.93952631578948,105.04302947368421,100.62011157894737,100.70694200000001,-0.004085440350876724
1.1729373931884766,98.87920421052631,97.9431852631579,105.08328210526315,100.63522385964912,100.70340898245617,-0.0038294947368413546
1.2579331398010254,98.87920421052631,97.9431852631579,105.08328210526315,100.63522385964912,100.6998759649123,-0.003573210526315762
1.301940679550171,98.84020842105264,97.97810315789474,104.75284631578947,100.52371929824562,100.69017607017545,-0.003697028070175179
1.347933292388916,98.80668421052631,97.87709263157895,104.57650315789473,100.42009333333333,100.67606912280704,-0.0038475333333330753
1.3939318656921387,98.82563789473684,97.80006105263158,104.48623368421053,100.37064421052632,100.66040480701756,-0.004020647368420782
1.4389326572418213,98.72803789473684,97.66424842105263,104.29951789473684,100.23060140350877,100.63773835087719,-0.004749519298246696
1.48893404006958,98.74154736842105,97.60318947368421,104.18753263157895,100.17742315789474,100.61188550877193,-0.00537040701754421
1.5339367389678955,98.74154736842105,97.60318947368421,104.18753263157895,100.17742315789474,100.58297375438596,-0.006282738596492266
1.5779316425323486,98.69464842105263,97.51498947368421,104.14249052631578,100.11737614035087,100.55270600000001,-0.0071805526315792175
1.6269376277923584,98.68529684210526,97.45040210526315,104.35214105263158,100.16261333333334,100.52399764912282,-0.008475638596491563
1.670933723449707,98.1565347368421,97.35200210526315,104.44922315789474,99.98592000000001,100.48651785964913,-0.010386770175438898
1.7149314880371094,98.05650526315789,97.55992210526315,104.39244,100.00295578947369,100.45059894736843,-0.012184403508771879
1.7609326839447021,97.99542947368421,97.48433052631579,104.07132842105263,99.85036280701753,100.40705038596492,-0.014500924561403394
1.8059358596801758,97.93869894736842,97.45824631578948,103.87726315789473,99.75806947368422,100.35888715789473,-0.017183345614036227
1.853935956954956,97.95836842105263,97.34676,103.80992210526315,99.70501684210528,100.30807129824561,-0.0198054701754387
1.899932861328125,97.87328,97.25792842105263,103.58221894736842,99.57114245614035,100.25056171929825,-0.02288730701754389
1.9309325218200684,97.86894947368421,97.16762736842105,103.80125052631578,99.612609122807,100.19512547368421,-0.025808584210525964
1.9629325866699219,97.7888,97.13668842105263,103.75842947368422,99.56130596491228,100.13830701754387,-0.028710229824561395
1.9939346313476562,97.76307157894738,97.06865263157894,103.49518105263158,99.44230175438595,100.07800687719298,-0.031661187719299023
2.0389325618743896,97.78762526315789,96.98277894736842,103.60526105263158,99.45855508771929,100.01992905263157,-0.034350647368422214
2.070932626724243,97.75477684210526,96.44612421052632,103.55117684210526,99.25069263157896,99.95070249122807,-0.037635324561404816
2.1170718669891357,97.85354947368421,96.3532652631579,103.33972,99.18217824561403,99.87805021052631,-0.04109128771929917
2.1480703353881836,97.85354947368421,96.3532652631579,103.33972,99.18217824561403,99.81097315789474,-0.0439601456140359
2.1800708770751953,97.82685894736842,96.17827789473684,103.22605894736841,99.07706526315788,99.74382175438596,-0.04661236842105367
2.2110707759857178,97.79308,96.11781263157894,103.14602105263158,99.01897122807019,99.67623810526315,-0.0492083350877202
2.242072105407715,97.79308,96.11781263157894,103.14602105263158,99.01897122807019,99.61565659649122,-0.051104087719298266
2.2729156017303467,97.82419578947368,95.9928105263158,103.09873052631579,98.97191228070176,99.55538105263156,-0.05282522280701869
2.3189215660095215,97.70259578947369,95.94276210526316,102.97668631578948,98.87401473684211,99.49021063157893,-0.05463815614035141
2.3499224185943604,97.65773263157895,95.84577684210527,102.84984631578948,98.78445192982457,99.42356442105263,-0.056457078947369156
2.39717960357666,97.65773263157895,95.84577684210527,102.84984631578948,98.78445192982457,99.3546563508772,-0.05846706491228062
2.442342519760132,97.7457705263158,96.13524210526316,102.85434105263158,98.91178456140351,99.30094957894737,-0.059278414035087934
2.4734532833099365,97.70816210526316,96.13100421052631,102.75299578947369,98.8640540350877,99.24400449122807,-0.060329722807018274
2.5050923824310303,97.66708,96.14885263157895,102.66615578947368,98.82736280701755,99.19285449122808,-0.06070979473684233
2.5505928993225098,97.64142736842105,95.67549473684211,102.56579578947368,98.62757263157896,99.13632964912281,-0.06112787543859568
2.5815927982330322,97.89701473684211,95.66755368421053,102.55344210526316,98.70600350877193,99.08637898245614,-0.06108461578947342
2.61321759223938,97.54920842105263,95.65154315789474,102.48684210526316,98.56253122807017,99.03594842105262,-0.060730664912281185
2.6592178344726562,97.91806947368421,95.58566736842106,102.26110105263157,98.58827929824561,98.98473192982456,-0.06051967719298261
2.6912195682525635,97.94255157894737,95.68373473684211,102.19671578947369,98.60766736842106,98.93705000000001,-0.06006285087719263
2.722907066345215,98.05464631578947,95.77380842105264,102.32242736842105,98.71696070175437,98.90078294736841,-0.05886119649122819
2.7689154148101807,98.05464631578947,95.77380842105264,102.32242736842105,98.71696070175437,98.86370322807018,-0.05781129122806945
2.8001151084899902,98.10865684210526,95.88630947368421,102.38642947368422,98.79379859649123,98.84085852631581,-0.05549219824561291
2.8314435482025146,98.17652210526316,95.91070736842106,102.46105684210526,98.84942877192982,98.8242210526316,-0.05269145789473555
2.8634419441223145,98.3251747368421,95.95798315789473,102.58830105263158,98.95715298245614,98.8129697894737,-0.04990016842105192
2.894951820373535,98.3251747368421,95.95798315789473,102.58830105263158,98.95715298245614,98.8069741754386,-0.04684237894736824
2.925581455230713,98.33942315789474,96.09652631578948,102.63294736842106,99.0229656140351,98.80717389473683,-0.0434532105263159
2.9575750827789307,98.63102105263158,96.43337052631578,103.05581684210526,99.37340280701756,98.82489547368421,-0.03953805614035062
2.988438367843628,98.78757052631579,96.76632421052632,103.37456842105263,99.64282105263158,98.85844091228068,-0.03484700701754377
3.0194358825683594,98.73181052631578,96.93364842105264,103.64902315789473,99.77149403508771,98.90331487719297,-0.02934478771929818
3.050438642501831,98.85952842105263,97.27051157894736,103.99269684210526,100.04091228070176,98.96613789473685,-0.022871326315789274
3.081434488296509,99.08295578947369,97.54664842105264,104.31483368421053,100.31481263157896,99.04265592982456,-0.015600021052632229
3.1124181747436523,99.24283789473684,97.78884421052632,104.58958947368421,100.54042385964912,99.12408789473683,-0.008843084210526797
3.145421028137207,99.24283789473684,97.78884421052632,104.58958947368421,100.54042385964912,99.2079063859649,-0.0018049052631582186
3.189436435699463,99.47616842105263,98.0697852631579,104.99286315789473,100.84627228070174,99.30885185964911,0.005799868421051712
3.220437526702881,99.72221263157894,98.11561684210527,105.04925052631579,100.96236,99.42559122807018,0.014463078947368046
3.2519025802612305,99.72221263157894,98.11561684210527,105.04925052631579,100.96236,99.53840905263158,0.02260150350877197
3.283902883529663,99.37720210526315,98.12997052631579,105.14820421052632,100.88512561403509,99.65453877192984,0.03092951754386064
3.314915418624878,99.37720210526315,98.12997052631579,105.14820421052632,100.88512561403509,99.76938108771931,0.039232457894737394
3.346620798110962,99.69022105263159,98.08995368421053,105.13610736842105,100.97209403508772,99.88760242105265,0.04752762105263173
3.3775200843811035,99.72946105263158,98.38608,105.10959578947369,101.07504561403509,100.00550666666668,0.05523618596491318
3.409515857696533,99.73404210526316,98.4944,105.14967789473684,101.12603999999999,100.12596063157896,0.06311287017543918
3.4545726776123047,100.0108947368421,98.53496842105262,105.47729052631578,101.34105122807017,100.25332326315791,0.07062323684210484
3.4865705966949463,100.12044421052632,98.52791578947368,105.42101052631578,101.35645684210526,100.37867466666667,0.07772268070175344
3.5175418853759766,100.05653473684211,98.59724421052631,105.34846315789474,101.33408070175439,100.49752105263158,0.08422756315789429
3.5485527515411377,100.1,98.56192421052631,105.33200631578947,101.3313101754386,100.6162289122807,0.09046273684210533
3.5799291133880615,100.02977263157895,98.57212631578948,105.27072,101.29087298245615,100.72962428070176,0.09612251929824608
3.616910457611084,100.0511347368421,98.57339578947368,105.28571157894737,101.30341403508771,100.82612484210526,0.10006146842105253
3.6569111347198486,99.96845684210527,98.55333052631579,105.24499368421053,101.25559368421052,100.90676347368421,0.10241612807017617
3.7024147510528564,99.98562105263157,98.56209684210526,105.27765894736842,101.27512561403508,100.98194505263157,0.10393150877193022
3.7344284057617188,100.45483157894736,98.58646736842105,105.28165684210526,101.44098526315788,101.0519487017544,0.10429054035087759
3.766446828842163,100.51197263157894,98.61199157894737,105.31015789473685,101.47804070175438,101.11011010526316,0.10337270877192992
3.7974448204040527,100.51197263157894,98.61199157894737,105.31015789473685,101.47804070175438,101.15699094736843,0.1016451526315798
3.828443765640259,100.48034736842105,98.66832421052632,105.04694105263158,101.39853754385963,101.19989663157895,0.09959951228070238
3.8604109287261963,100.25990526315789,98.67613052631579,105.0027347368421,101.31292350877193,101.22322919298247,0.09571886666666814
3.9054176807403564,100.25990526315789,98.67613052631579,105.0027347368421,101.31292350877193,101.24075736842107,0.09075830701754484
3.9364047050476074,100.25990526315789,98.67613052631579,105.0027347368421,101.31292350877193,101.25828554385966,0.08599382456140389
3.967409133911133,100.25990526315789,98.67613052631579,105.0027347368421,101.31292350877193,101.2796754385965,0.08125683333333314
3.998419761657715,100.25990526315789,98.67613052631579,105.0027347368421,101.31292350877193,101.30106533333334,0.07658421228070153
4.03043007850647,100.25990526315789,98.67613052631579,105.0027347368421,101.31292350877193,101.31810680701754,0.07152521929824474
4.061577558517456,100.19699578947369,98.6821747368421,104.94046315789474,101.27321122807018,101.32801508771931,0.0661254210526316
4.092900514602661,100.15588631578947,98.66649473684211,104.92323157894737,101.24853754385965,101.33413996491228,0.060408966666665974
4.124914884567261,100.17294736842105,98.47574947368422,104.83757052631579,101.16208912280702,101.32519185964912,0.0535934298245607
4.171581983566284,99.83059368421053,98.42057052631579,104.5898294736842,100.94699789473684,101.30471891228068,0.04630221228070042
4.202582120895386,99.90147368421053,98.4368105263158,104.63022315789473,100.98950245614036,101.28748999999999,0.039498447368420384
4.2335405349731445,99.94434736842105,98.47433473684211,104.63201263157895,101.01689824561403,101.27176940350877,0.03277702456140332
4.264543294906616,99.25355368421053,98.49086736842105,104.66278947368421,100.80240350877193,101.24734592982456,0.02588608245614026
4.296541213989258,99.10191789473684,98.4646505263158,104.62741052631578,100.73132631578947,101.21874154385964,0.01963083508771888
4.341386556625366,99.10191789473684,98.4646505263158,104.62741052631578,100.73132631578947,101.19252817543858,0.014288235087718704
4.387409210205078,99.09268,98.39609894736842,104.64314526315789,100.71064140350877,101.16430396491226,0.009117945614034539
4.418534278869629,99.09268,98.39609894736842,104.64314526315789,100.71064140350877,101.12778677192982,0.0037919035087710996
4.449544191360474,99.00332210526315,98.37326526315789,104.59254315789474,100.65637684210526,101.08670357894736,-0.0011703263157897936
4.481417179107666,99.00332210526315,98.37326526315789,104.59254315789474,100.65637684210526,101.04562038596491,-0.005568528070175915
4.512416839599609,99.00332210526315,98.37326526315789,104.59254315789474,100.65637684210526,101.00851235087718,-0.009569214035088435
4.543445587158203,99.00332210526315,98.37326526315789,104.59254315789474,100.65637684210526,100.97568501754384,-0.012377208771931691
4.57715106010437,99.00332210526315,98.37326526315789,104.59254315789474,100.65637684210526,100.94285768421051,-0.01489498421052815
4.6236231327056885,99.01733684210527,98.32914947368421,104.56046947368421,100.63565192982458,100.90899410526315,-0.01746457192982547
4.669622182846069,99.00918105263158,98.37008421052631,104.54353052631579,100.64093192982456,100.87539452631579,-0.02021404561403557
4.715844631195068,99.50089263157895,98.36382105263158,104.61243578947368,100.82571649122808,100.85103417543861,-0.02250155789473638
4.746906757354736,99.49827789473684,98.38691157894736,104.59438526315789,100.8265249122807,100.82671424561404,-0.024569628070175042
4.778906583786011,99.4369852631579,98.40257684210526,104.53456631578948,100.79137614035089,100.80262249122808,-0.02626962982456149
4.825917482376099,99.46856,98.41080421052632,104.54513263157895,100.80816561403509,100.78060389473686,-0.027676803508771285
4.856919527053833,99.46856,98.41080421052632,104.54513263157895,100.80816561403509,100.76290771929825,-0.028114207017543434
4.887928009033203,99.48933684210526,98.38666105263158,104.57155157894736,100.8158498245614,100.75635031578948,-0.027418429824560064
4.919379234313965,99.53445263157894,98.33856631578948,104.58915157894737,100.82072350877193,100.74791136842104,-0.026978931578947395
4.951377868652344,99.53445263157894,98.33856631578948,104.58915157894737,100.82072350877193,100.73810263157893,-0.026683338596492235
4.996901273727417,99.53445263157894,98.33856631578948,104.58915157894737,100.82072350877193,100.73901863157894,-0.025416364912280897
5.0429065227508545,99.40637894736842,98.2559747368421,104.37771157894737,100.68002175438596,100.73645340350876,-0.024114407017543728
5.075919151306152,99.35727157894736,98.01678947368421,104.64224631578948,100.67210245614035,100.73349221052631,-0.02295179824561373
5.120919704437256,98.78373263157894,97.98919368421052,104.26796210526315,100.34696280701753,100.71530828070175,-0.02244978421052579
5.152537822723389,98.78373263157894,97.98919368421052,104.26796210526315,100.34696280701753,100.69712435087717,-0.021533121052632255
5.184373378753662,98.78373263157894,97.98919368421052,104.26796210526315,100.34696280701753,100.6816536491228,-0.020252496491228556
5.214731931686401,98.78373263157894,97.98919368421052,104.26796210526315,100.34696280701753,100.66618294736841,-0.018971871929824857
5.261732816696167,98.78373263157894,97.98919368421052,104.26796210526315,100.34696280701753,100.65071224561402,-0.017890005263158315
5.307734489440918,98.78373263157894,97.98919368421052,104.26796210526315,100.34696280701753,100.63524154385964,-0.017022173684210173
5.354732990264893,98.71608210526315,97.95797263157895,104.14393684210526,100.27266385964913,100.61605589473683,-0.01634008947368386
5.399735689163208,98.62348631578948,97.73925894736843,103.78434736842105,100.04903087719299,100.58672484210526,-0.016113463157894616
5.432732820510864,98.48399789473685,97.55951578947368,103.52959789473684,99.85770385964912,100.54756343859648,-0.01639155438596518
5.4787352085113525,98.32430105263158,97.01632,103.3023852631579,99.54766877192982,100.48366105263158,-0.0183686561403519
5.508734703063965,97.40401684210526,96.76112631578947,102.94526526315789,99.03680280701754,100.39417494736841,-0.021626964912281464
5.541734218597412,97.31619578947368,96.68211789473685,102.87788631578947,98.95873333333333,100.30254280701755,-0.02500398421052665
5.5867321491241455,97.27279368421053,96.56524210526315,102.98692,98.94165192982456,100.20921712280702,-0.02856933859649189
5.618733167648315,97.24475578947369,96.50546736842105,102.97519368421052,98.90847228070174,100.11423245614034,-0.03243376315789561
5.649736166000366,97.48313263157895,96.41272210526316,102.9310947368421,98.94231649122808,100.02055578947366,-0.036789726315790715
5.696734189987183,97.46506315789473,96.31731789473685,102.82674526315789,98.86970877192982,99.92300505263157,-0.04124531578947384
5.742735147476196,97.43344421052632,96.21425684210526,102.77158526315789,98.80642877192982,99.82229031578947,-0.04579061578947261
5.773735046386719,97.39533263157895,96.17507368421053,102.70277684210527,98.75772771929826,99.71914052631578,-0.050993905263158015
5.819732666015625,97.43817052631579,95.82333263157895,102.29168210526316,98.51772842105264,99.61102585964912,-0.05627137719298218
5.8517327308654785,97.22921263157895,95.70596210526315,102.242,98.39239157894737,99.49704031578946,-0.06182259473684226
5.896735906600952,97.51946105263158,95.67865684210527,102.15510526315789,98.45107438596493,99.40224589473684,-0.0656531192982456
5.927733421325684,97.51946105263158,95.67865684210527,102.15510526315789,98.45107438596493,99.3074514736842,-0.06948364385964893
5.9587562084198,97.60608631578947,95.65853263157895,102.18192,98.48217964912281,99.21421231578947,-0.07337206666666632
5.989754676818848,97.51582105263158,95.65811578947368,102.10599157894737,98.42664280701756,99.11819631578946,-0.07739933157894754
6.020485162734985,97.46592631578947,95.59549894736843,102.05516842105263,98.37219789473686,99.01945807017543,-0.08156270877192924
6.067487001419067,97.55279578947368,95.51177894736843,101.96772210526316,98.34409894736842,98.91931487719299,-0.08579633333333234
6.112489461898804,97.4518947368421,95.46673684210526,101.86581052631578,98.2614807017544,98.81875571929825,-0.08986500877192896
6.1444854736328125,97.02156,95.43375157894737,101.84174105263158,98.09901754385965,98.72125505263158,-0.09327348947368393
6.188900470733643,97.31646947368421,95.41274105263157,101.75894315789473,98.16271789473684,98.63650575438598,-0.09555288421052524
6.220889329910278,97.30874947368422,95.41386736842105,101.76636421052632,98.16299368421052,98.567272,-0.09581945263157862
6.266658782958984,97.38844631578948,95.40048842105263,101.79225894736842,98.19373122807019,98.52511842105264,-0.09345282631578869
6.312478065490723,97.35273684210526,95.41583157894736,101.75549894736842,98.17468912280702,98.48591621052631,-0.09083132982456163
6.344338417053223,97.35273684210526,95.41583157894736,101.75549894736842,98.17468912280702,98.44756807017544,-0.08808245263157914
6.377336502075195,97.37112421052632,95.41909684210526,101.78526315789473,98.19182807017545,98.41173585964913,-0.08512482982456078
6.422022581100464,97.44070105263158,95.47904210526316,101.52822105263158,98.14932140350878,98.37208610526315,-0.08242348421052555
6.467974424362183,97.44410947368421,95.46540842105263,101.5058,98.13843929824561,98.33552263157895,-0.07937412105263064
6.499780654907227,97.52299368421053,95.81289263157895,101.51268,98.28285543859648,98.30934396491229,-0.07564731754385931
6.530901670455933,97.47498105263158,95.9330252631579,101.51594526315789,98.30798385964913,98.28685677192985,-0.07161418771929676
6.576913356781006,98.27193263157895,96.05837263157895,101.6566694736842,98.66232491228071,98.29408659649123,-0.06584696315789458
6.6095640659332275,98.41172842105263,96.15264421052632,101.71983578947368,98.76140280701755,98.31253715789474,-0.059225157894736216
6.654320240020752,98.5655852631579,96.35811789473684,101.89930947368421,98.94100421052633,98.3370336491228,-0.05326061228070174
6.686327219009399,98.79916421052631,96.58479578947369,102.1998547368421,99.1946049122807,98.37421017543859,-0.04666206491228024
6.718432664871216,99.0232252631579,96.86206736842105,102.54576842105263,99.47702035087718,98.42395221052632,-0.039513005263157194
6.749432802200317,99.24515368421052,97.17865894736842,102.88603789473684,99.76995017543858,98.49111757894738,-0.03135393684210399
6.7814342975616455,99.47115368421052,97.47543578947368,103.26612631578948,100.0709052631579,98.57605294736842,-0.022170256140350376
6.8123462200164795,99.15740421052631,97.66722947368422,103.58719789473685,100.13727719298247,98.66571185964914,-0.01268015087719263
6.843192100524902,98.85777263157895,97.76519157894737,103.6764547368421,100.09980631578948,98.75762814035089,-0.003056378947368188
6.875201940536499,98.84930947368422,97.93495578947369,103.89444842105263,100.22623789473685,98.86398915789475,0.00713670526315866
6.920305013656616,98.84930947368422,97.93495578947369,103.89444842105263,100.22623789473685,98.96716515789475,0.016532970175438776
6.951820373535156,99.08805684210526,97.96658947368421,104.23844421052631,100.4310301754386,99.08056698245613,0.02566474912280654
6.983842372894287,99.21013894736842,97.98061263157895,104.08636842105263,100.42570666666666,99.19216575438597,0.03335236666666645
7.015460968017578,99.21013894736842,97.98061263157895,104.08636842105263,100.42570666666666,99.30471663157894,0.040940021052631434
7.046483993530273,99.21013894736842,97.98061263157895,104.08636842105263,100.42570666666666,99.41726750877193,0.048484971929824636
7.079482793807983,99.21013894736842,97.98061263157895,104.08636842105263,100.42570666666666,99.5289614385965,0.055861278947368476
7.124363660812378,99.21013894736842,97.98061263157895,104.08636842105263,100.42570666666666,99.64278070175439,0.06353472982456196
7.1563639640808105,99.15831578947369,97.99613263157894,104.10169263157894,100.41871368421052,99.75679442105263,0.07106358947368392
7.1873767375946045,99.15831578947369,97.99613263157894,104.10169263157894,100.41871368421052,99.86358733333334,0.07771216842105275
7.219376802444458,99.83310526315789,97.97139789473684,104.02466947368421,100.6097242105263,99.9786743508772,0.08459087894736754
7.265389680862427,99.78922315789474,98.07015789473684,104.09652631578948,100.65196912280703,100.07815656140352,0.08920349824561455
7.3114330768585205,99.76470736842106,98.06180421052632,104.10800421052632,100.64483859649123,100.1723283508772,0.09298955964912281
7.343449115753174,99.70031157894736,98.04200210526315,104.03845684210526,100.59359017543859,100.2549576491228,0.09589619999999996
7.375452280044556,99.63072210526316,98.02667157894737,103.9635347368421,100.54030947368422,100.32224287719296,0.09740163508771857
7.407473564147949,99.61216421052632,98.00262105263158,104.01507157894737,100.54328561403509,100.37555614035087,0.09758019649122715
7.43844747543335,99.1385747368421,98.0163705263158,104.28291368421053,100.47928631578948,100.41102294736842,0.09599526842105206
7.4724507331848145,98.86685684210526,98.02747789473685,104.09997263157895,100.33143578947369,100.42404947368422,0.09239982631578983
7.515320062637329,98.78788842105263,98.06289684210526,104.09510736842105,100.31529754385964,100.43295049122807,0.0883619315789467
7.548320055007935,98.78044210526316,98.04751578947368,104.1304652631579,100.31947438596491,100.44393389473684,0.08431528771929778
7.592940330505371,98.71143789473685,98.03879157894737,104.10403789473685,100.28475578947369,100.44685978947368,0.07914353157894638
7.623744964599609,98.61981052631579,98.0276652631579,104.08512421052632,100.24419999999999,100.44775789473684,0.0740296368421042
7.655763387680054,98.70983157894737,97.97556842105263,104.07659578947369,100.25399859649123,100.43890631578947,0.06791696666666666
7.70076060295105,99.33203578947368,97.9766,104.31974947368421,100.5427950877193,100.4447607368421,0.06262974912280654
7.732298374176025,99.45814947368422,97.9556947368421,104.10205894736842,100.50530105263158,100.44874045614036,0.05720119122807077
7.7793004512786865,99.48066315789474,97.97287157894736,104.12273052631579,100.52542175438596,100.4537262105263,0.05182293508771849
7.823815822601318,99.47247368421053,97.99098947368421,104.08567578947368,100.51637964912281,100.45825985964913,0.04646492105263178
7.854816675186157,99.47247368421053,97.99098947368421,104.08567578947368,100.51637964912281,100.46279350877192,0.041000640350876694
7.885818719863892,99.16406315789473,97.96290315789474,104.08579578947368,100.40425403508772,100.46207052631578,0.03526380526315762
7.917828559875488,99.16406315789473,97.96290315789474,104.08579578947368,100.40425403508772,100.46134754385965,0.029888010526315158
7.94882607460022,99.16406315789473,97.96290315789474,104.08579578947368,100.40425403508772,100.45107403508771,0.023619984210525757
7.980825662612915,99.16406315789473,97.96290315789474,104.08579578947368,100.40425403508772,100.43868828070174,0.018026585964911135
8.027430772781372,99.08104210526315,97.93732421052631,104.04496842105263,100.3544449122807,100.42416859649123,0.01259201228070168
8.073450326919556,98.97117684210527,97.57741263157895,103.67724421052631,100.07527789473686,100.39825298245614,0.007164766666667077
8.104922533035278,99.20371578947369,97.54249263157895,103.68659578947369,100.14426807017544,100.37845091228071,0.0028104017543874706
8.136893510818481,99.45542315789474,97.88177894736842,103.68606947368421,100.34109052631578,100.36834115789475,-0.00036074912280597004
8.167901039123535,99.45076210526315,97.85087789473684,103.64894736842105,100.31686245614036,100.36021996491229,-0.0025401491228066674
8.19990086555481,99.30288,97.87029473684211,103.56348210526316,100.24555228070176,100.35592578947369,-0.0034061842105266747
8.230888605117798,99.23063368421053,97.83521894736842,103.54228421052632,100.20271228070175,100.35029652631579,-0.004132698245614108
8.276427507400513,99.4731347368421,97.86731368421053,103.49373684210526,100.27806175438597,100.34822589473684,-0.004785400000000095
8.308269500732422,99.60675789473684,97.87852,103.59665052631578,100.36064280701754,100.35202024561403,-0.00474197719298246
8.355421304702759,99.60675789473684,97.87852,103.59665052631578,100.36064280701754,100.35784238596491,-0.004495775438596183
8.400267601013184,99.58536842105264,97.85482736842106,103.5574252631579,100.3325403508772,100.36176947368422,-0.0038568421052623592
8.4322669506073,99.61590736842105,97.82759368421053,103.55345894736843,100.33232,100.35124571929825,-0.004675750877192542
8.464266777038574,99.56522736842105,97.83047789473684,103.52790315789474,100.3078694736842,100.34137414035088,-0.005368315789473855
8.495278120040894,99.5608252631579,97.83110947368421,103.5401052631579,100.31068,100.33063705263159,-0.006154457894735543
8.542290210723877,99.57153052631578,97.87018315789474,103.55138105263158,100.33103157894737,100.32136964912281,-0.006844510526315873
8.588277101516724,99.59435789473685,97.86573263157895,103.58135578947369,100.34714877192982,100.31290810526316,-0.007494270175438089
8.619271755218506,99.6056,97.86842947368422,103.5412,100.3384098245614,100.30961589473685,-0.007622731578946685
8.651286602020264,99.6056,97.86842947368422,103.5412,100.3384098245614,100.30632368421053,-0.00775119298245599
8.683286905288696,99.69958947368421,97.8317452631579,103.57951578947369,100.37028350877193,100.30462515789475,-0.007322443859648331
8.716288566589355,99.64472,97.84588,103.52421684210526,100.33827228070174,100.30132607017545,-0.006868110526314553
8.761286973953247,99.63608631578947,97.83102105263158,103.48873894736842,100.3186154385965,100.29953459649124,-0.006231699999999308
8.793285846710205,99.7009094736842,97.71517263157895,103.39071157894737,100.26893122807019,100.30921726315789,-0.004451785964912603
8.838286638259888,99.7009094736842,97.71517263157895,103.39071157894737,100.26893122807019,100.31545042105265,-0.0031500245614033417
8.869262933731079,99.66207157894736,97.55350526315789,103.21744,100.14433894736841,100.30561284210526,-0.003136415789474256
8.89998459815979,99.53743578947369,97.50274105263158,103.14918736842105,100.06312140350877,100.29292578947368,-0.0033647087719302247
8.93090033531189,99.53743578947369,97.50274105263158,103.14918736842105,100.06312140350877,100.28380424561404,-0.003606077192982582
8.963903665542603,99.29005684210526,97.48295789473684,103.02062315789473,99.93121263157894,100.2702292631579,-0.004003363157894313
9.010903358459473,99.25714105263158,97.45816631578947,103.0212505263158,99.91218596491228,100.25193547368421,-0.004814521052631448
9.056906461715698,99.06538526315789,97.05292842105263,102.87672,99.66501122807017,100.21715389473685,-0.006743317543858751
9.103901147842407,98.96933894736843,96.91300842105264,103.00967578947369,99.63067438596492,100.1806554736842,-0.008859345614035874
9.149902582168579,98.49050736842105,97.04419157894736,102.89930315789474,99.4780007017544,100.13792849122807,-0.011192049122807645
9.194903135299683,98.16985263157895,96.98915157894737,103.09495157894737,99.4179852631579,100.09221175438597,-0.012951698245613841
9.225903511047363,98.09010947368421,96.63178736842106,103.13775578947369,99.28655087719297,100.04114582456141,-0.015011415789473403
9.256901502609253,97.95326315789474,96.49639789473684,103.01941263157894,99.15635789473686,99.98342971929823,-0.017360366666667914
9.287903070449829,97.9899347368421,96.75472210526316,102.71902736842105,99.15456140350877,99.9246062105263,-0.01983817192982542
9.318902730941772,97.98455578947369,96.77053473684211,102.61131578947368,99.1221354385965,99.86335554385964,-0.02247762807017608
9.350901365280151,97.98455578947369,96.77053473684211,102.61131578947368,99.1221354385965,99.80254182456142,-0.02535370350877173
9.396901607513428,97.90787368421053,96.76554947368422,102.79386315789473,99.15576210526315,99.7434094385965,-0.02814571228070122
9.427902936935425,98.57367789473685,96.69123368421053,102.56794105263158,99.27761754385965,99.68877614035088,-0.03079245087719329
9.459903001785278,98.75516842105263,96.65714105263157,102.53602105263158,99.3161101754386,99.63766803508773,-0.033182901754386054
9.505900382995605,98.42438315789474,96.56003789473684,102.37661263157895,99.1203445614035,99.57775449122806,-0.036089005263158926
9.550901174545288,98.28014315789474,96.26430947368421,102.04921052631579,98.86455438596492,99.5075356491228,-0.04008408070175449
9.596856355667114,98.28014315789474,96.26430947368421,102.04921052631579,98.86455438596492,99.43731680701754,-0.043906680701755366
9.62985634803772,98.23247157894737,96.17870947368421,102.20673894736842,98.87264,99.37373185964913,-0.04659404912280678
9.67505168914795,98.52511578947369,96.04696842105263,101.84189473684211,98.80465964912281,99.31080877192984,-0.049105850877192124
9.709070920944214,98.52511578947369,96.04696842105263,101.84189473684211,98.80465964912281,99.24788568421054,-0.051795928070174566
9.754068613052368,98.61575368421053,96.3221052631579,101.69825263157895,98.87870385964914,99.19526024561405,-0.05374845087719251
9.785072326660156,98.48185684210526,96.32545263157894,101.63220421052631,98.81317122807017,99.14030950877194,-0.055581298245613905
9.817068338394165,98.48185684210526,96.32545263157894,101.63220421052631,98.81317122807017,99.09771750877194,-0.055971819298245865
9.848072052001953,98.52404631578948,96.27131368421053,101.59241684210527,98.79592561403508,99.05598007017544,-0.05623377017543803
9.879066944122314,98.43059578947368,96.26516842105264,101.49268421052632,98.72948280701753,99.0185541754386,-0.05596871578947358
9.9100661277771,98.35569263157895,96.09781263157895,101.34189684210526,98.59846736842105,98.97757828070175,-0.0557316736842111
9.943905115127563,98.35569263157895,96.09781263157895,101.34189684210526,98.59846736842105,98.94317410526317,-0.05489858596491217
9.987926244735718,98.22890315789473,96.0552252631579,101.2024547368421,98.49552771929825,98.91013259649124,-0.05366485614034957
10.018924236297607,98.26987578947369,96.02736842105263,101.16480842105263,98.48735087719298,98.87677207017545,-0.0523917070175429
10.049922704696655,98.26385684210527,96.02871368421053,101.21861684210526,98.503729122807,98.84585175438596,-0.05087518947368395
10.080926179885864,98.26385684210527,96.02871368421053,101.21861684210526,98.503729122807,98.81493143859649,-0.049380519298246384
10.111956596374512,98.22817684210526,96.0543305263158,101.15637263157895,98.47962666666666,98.78112466666667,-0.04811423859649153
10.14496636390686,98.35536631578947,95.99535157894736,101.15329263157895,98.50133684210526,98.74231063157895,-0.047323275438596824
10.175365924835205,98.25166736842105,96.01043368421053,101.12243157894737,98.46151087719299,98.69958066666666,-0.04690436842105328
10.20739197731018,98.25166736842105,96.01043368421053,101.12243157894737,98.46151087719299,98.66663898245613,-0.045555775438596416
10.238952159881592,98.25166736842105,96.01043368421053,101.12243157894737,98.46151087719299,98.64648680701752,-0.04305244210526382
10.272368431091309,98.25166736842105,96.01043368421053,101.12243157894737,98.46151087719299,98.62633463157894,-0.04054910877192981
10.316390037536621,98.25166736842105,96.01043368421053,101.12243157894737,98.46151087719299,98.60577817543859,-0.03839768421052696
10.347362518310547,98.26134315789474,95.98476210526316,101.138,98.46136842105265,98.58861361403508,-0.036109757894737984
10.379365921020508,98.26055578947368,95.99832,101.12117473684211,98.46001684210528,98.57138147368421,-0.033825210526316596
10.41038727760315,98.24998947368421,96.08763157894737,101.19625894736842,98.51129333333331,98.55301094736842,-0.03211246491228152
10.442361831665039,98.24998947368421,96.08763157894737,101.19625894736842,98.51129333333331,98.53791705263157,-0.030119622807018232
10.47290563583374,98.24998947368421,96.08763157894737,101.19625894736842,98.51129333333331,98.52282315789472,-0.028744717543860786
10.517636060714722,98.24998947368421,96.08763157894737,101.19625894736842,98.51129333333331,98.50859154385964,-0.02736942631578998
10.549657821655273,98.24998947368421,96.08763157894737,101.19625894736842,98.51129333333331,98.49768207017541,-0.02604360526315901
10.595453977584839,98.34732631578947,96.08805473684211,101.24683368421053,98.56073824561405,98.49579561403507,-0.024089133333333734
10.641203880310059,98.42276421052631,96.22394736842105,101.32650105263158,98.65773754385964,98.498759122807,-0.022220749122808314
10.687356233596802,98.93113052631578,96.93727157894737,102.92720842105263,99.59853684210526,98.55390957894735,-0.017811150877194138
10.734366178512573,98.97644631578947,97.32506736842106,103.17844210526316,99.82665192982456,98.62087463157893,-0.012794871929826002
10.780366659164429,98.99103578947368,97.52569473684211,103.34271578947369,99.95314877192982,98.69334561403508,-0.007625307017544003
10.812368631362915,99.37465052631579,97.67006315789473,103.54590315789474,100.19687228070177,98.77800277192982,-0.0018464333333334082
10.858367681503296,99.48970315789474,97.76726315789473,103.60650315789474,100.28782315789472,98.86841259649123,0.004364396491227751
10.890366077423096,99.51709052631578,97.78013052631579,103.69511578947369,100.33077894736842,98.95988470175439,0.010878703508772247
10.92236614227295,99.58206736842105,97.79068421052632,103.67707789473684,100.34994315789474,99.05430631578947,0.017736282456140628
10.968365669250488,99.61643578947368,97.76518105263158,103.72636210526316,100.36932631578946,99.1496970877193,0.02415290526315843
10.999550819396973,99.50775789473684,97.76940631578947,103.74067157894737,100.33927859649123,99.24358547368422,0.029854933333334797
11.03434443473816,99.50775789473684,97.76940631578947,103.74067157894737,100.33927859649123,99.33747385964912,0.03555696140350904
11.077345132827759,99.50775789473684,97.76940631578947,103.74067157894737,100.33927859649123,99.43136224561404,0.04127920350877261
11.108297109603882,99.22499368421053,97.76105473684211,103.78719368421052,100.25774736842106,99.52118119298243,0.04662837894736711
11.154297590255737,99.48827368421053,97.81133052631579,103.81795368421052,100.3725192982456,99.61680631578945,0.052271242105261705
11.199178695678711,99.53435368421053,97.80287157894738,103.84324210526316,100.39348912280703,99.71091610526315,0.057895257894736575
11.231180191040039,99.53435368421053,97.80287157894738,103.84324210526316,100.39348912280703,99.80502589473686,0.06335544210526436
11.263179302215576,99.5567747368421,97.85498315789474,103.91822105263158,100.44332631578948,99.90162754385965,0.06894021929824631
11.294182062149048,99.5684147368421,97.90213263157895,103.96002526315789,100.47685754385964,99.99990575438596,0.0745657105263163
11.325183153152466,99.61768842105263,97.91318315789474,103.99848631578948,100.50978596491228,100.09983038596492,0.0801074157894753
11.356183290481567,99.1229852631579,97.91459789473684,104.27388631578947,100.43715649122807,100.19365129824561,0.08489278421052689
11.389177560806274,99.05282315789474,97.92235578947368,104.23356631578947,100.4029150877193,100.2809101754386,0.08910755263158024
11.434326171875,98.99905263157895,97.91290736842106,104.26367789473684,100.39187929824561,100.32057729824561,0.08833338596491273
11.465347528457642,98.99905263157895,97.91290736842106,104.26367789473684,100.39187929824561,100.34883866666667,0.08639820175438687
11.496921300888062,98.95038736842105,97.83697684210526,104.24869473684211,100.34535298245613,100.36844887719299,0.0837551631578954
11.529940128326416,98.92764842105264,97.77877473684211,103.94248842105263,100.21630385964913,100.36942045614036,0.07957088421052702
11.560950756072998,98.79896,97.74621894736842,103.76296842105263,100.10271578947368,100.36016508771931,0.07458762456140419
11.59218430519104,98.79896,97.74621894736842,103.76296842105263,100.10271578947368,100.34876192982458,0.06944386140350929
11.623734951019287,98.50215368421053,97.74133684210527,103.79148842105263,100.0116596491228,100.33184775438596,0.06387707192982432
11.655737161636353,98.89912,97.77081052631578,103.75760210526316,100.14251087719299,100.32050698245614,0.05854049473684171
11.687322616577148,98.98825263157894,97.76304,103.81196,100.18775087719298,100.31293059649121,0.05346725614034966
11.71890377998352,98.91486736842106,97.77665684210527,103.72807157894736,100.1398652631579,100.30295992982455,0.04827430350877151
11.753910779953003,99.19431578947368,97.72185894736842,103.73436210526316,100.21684561403508,100.29683828070175,0.043273801754385485
11.797178030014038,99.22348421052632,97.70608842105263,103.78495578947368,100.23817614035086,100.29585971929824,0.038733926315790514
11.844178676605225,99.22348421052632,97.70608842105263,103.78495578947368,100.23817614035086,100.2891425614035,0.03361681228070239
11.888172626495361,98.74409684210526,97.39066105263159,103.43391157894737,99.85622315789475,100.26227926315788,0.027568157894736343
11.933332204818726,99.0286147368421,97.29905894736842,103.3936252631579,99.90709964912281,100.23795978947366,0.021646694736840288
11.965335130691528,99.06406315789474,97.28649263157895,103.37235578947369,99.90763719298245,100.21117533333333,0.015477389473684156
11.997318267822266,99.06552842105263,97.56659578947368,103.33791157894737,99.99001192982456,100.18683305263157,0.009346364912280336
12.044459104537964,99.20447789473684,97.65079368421053,103.40676842105263,100.08734666666668,100.1657110877193,0.0032940350877190385
12.075379610061646,99.0814,97.69751578947368,103.35145052631579,100.04345543859648,100.14602603508771,-0.002381263157894864
12.122259140014648,99.26144,97.63694947368421,103.35074526315789,100.0830449122807,100.13003252631579,-0.007543882456140949
12.153257608413696,99.15026315789474,97.70252,103.26497894736842,100.03925403508772,100.11240126315789,-0.010408801754385877
12.198274374008179,99.17054526315789,97.7129494736842,103.31295368421053,100.06548280701755,100.09608143859649,-0.012637861403509022
12.230302333831787,99.15843578947369,97.69420421052632,103.34835789473684,100.0669992982456,100.08216375438596,-0.014314256140351488
12.262305974960327,99.15843578947369,97.69420421052632,103.34835789473684,100.0669992982456,100.0746985263158,-0.014736096491228068
12.292316913604736,99.50505052631578,97.68350315789473,103.39680842105263,100.19512070175438,100.07931877192983,-0.014042315789473746
12.32431674003601,99.77333052631579,97.73304842105263,103.10193052631578,100.20276982456141,100.08432147368421,-0.013222022807018164
12.36932921409607,99.78736421052632,97.72670315789473,103.02600210526316,100.18002315789472,100.0927396491228,-0.011955405263157814
12.400330066680908,99.85586736842106,97.6553052631579,102.98425052631579,100.1651410526316,100.09387115789474,-0.011331791228069932
12.431922912597656,99.77526736842105,97.37316210526316,102.87590315789474,100.00811087719298,100.08488915789474,-0.011402071929823876
12.465919017791748,99.82152631578947,97.21303368421053,102.88705684210527,99.97387228070176,100.07658950877193,-0.01131852105263107
12.510143041610718,99.8078,97.21754947368422,102.88344210526316,99.96959719298246,100.0642270877193,-0.011630559649122319
12.543298244476318,99.88578105263159,97.2024547368421,102.86929684210526,99.98584421052631,100.05161049122808,-0.012212461403508002
12.589295387268066,99.8873452631579,97.17304,102.80993684210526,99.95677403508773,100.03754038596492,-0.012580108771928878
12.635159015655518,99.8873452631579,97.17304,102.80993684210526,99.95677403508773,100.04256792982456,-0.010985566666666103
12.682158708572388,99.88176631578948,97.0720652631579,102.69903578947368,99.884289122807,100.04142740350878,-0.00982661929824431
12.713153839111328,99.70306736842105,96.97271368421053,102.56750947368421,99.74776350877192,100.03343371929824,-0.008887080701754257
12.74515986442566,99.78615368421053,96.93237263157894,102.54627157894737,99.75493263157894,100.02167975438597,-0.008257664912279949
12.77815866470337,99.78615368421053,96.93237263157894,102.54627157894737,99.75493263157894,100.00505905263158,-0.008032601754386092
12.822157382965088,99.80480631578948,96.93128842105263,102.45909684210527,99.7317305263158,99.98947280701755,-0.007827661403508301
12.867155313491821,99.82843789473684,96.9166105263158,102.48032842105263,99.74179228070174,99.97241017543858,-0.007881117543860228
12.899154424667358,99.85046947368421,96.90143157894737,102.44059789473684,99.73083298245615,99.95698912280702,-0.007770607017543796
12.93015432357788,99.85083578947368,96.87122947368421,102.40724421052631,99.7097698245614,99.93920347368422,-0.007843898245613445
12.96115779876709,99.85083578947368,96.87122947368421,102.40724421052631,99.7097698245614,99.921342,-0.00804108771929819
12.992153882980347,99.81344210526316,97.14273684210526,102.35199157894736,99.7693901754386,99.90646154385963,-0.008411849122808235
13.02315354347229,99.45579157894737,97.15300631578947,102.21741263157895,99.60873684210526,99.8771423508772,-0.010108821052632066
13.055153846740723,99.15143578947368,97.15205052631579,102.13109263157895,99.47819298245615,99.84091350877193,-0.012170398245613967
13.10315489768982,99.09802736842106,97.0650694736842,102.56791157894737,99.57700280701755,99.81076249122806,-0.014098857894737193
13.147154808044434,98.95771368421053,97.0441852631579,102.45470526315789,99.48553473684211,99.77678217543861,-0.01585444912280636
13.193153858184814,98.91473263157894,97.01224210526316,102.3471705263158,99.42471508771929,99.74761238596491,-0.01686383859649112
13.239156007766724,98.91473263157894,97.01224210526316,102.3471705263158,99.42471508771929,99.72015452631578,-0.01782174912280752
13.270153284072876,98.76586736842106,96.84108421052632,102.18966736842106,99.2655396491228,99.68495164912281,-0.0189637719298247
13.302154779434204,98.76586736842106,96.84108421052632,102.18966736842106,99.2655396491228,99.64893642105262,-0.020133703508772527
13.34815502166748,98.76586736842106,96.84108421052632,102.18966736842106,99.2655396491228,99.61437470175437,-0.021158284210527255
13.394800424575806,98.76586736842106,96.84108421052632,102.18966736842106,99.2655396491228,99.57981298245612,-0.02313774736842191
13.42525601387024,98.76586736842106,96.84108421052632,102.18966736842106,99.2655396491228,99.54887550877191,-0.02462759473684315
13.458110332489014,98.76586736842106,96.84108421052632,102.18966736842106,99.2655396491228,99.52476431578945,-0.02543347017543951
13.503093242645264,98.76586736842106,96.84108421052632,102.18966736842106,99.2655396491228,99.50029466666665,-0.02606925438596619
13.535091400146484,98.7578105263158,96.74462105263157,102.07070315789474,99.1910449122807,99.47210028070174,-0.02664793859649208
13.582128763198853,99.62893894736843,96.45417684210527,101.28062947368421,99.12124842105264,99.44157617543857,-0.027394831578948953
13.628136396408081,99.66093473684211,96.45070315789474,101.21998947368421,99.11054245614035,99.4100136842105,-0.028119824561404272
13.660891056060791,99.60763578947369,96.41560421052631,101.19164421052632,99.07162807017544,99.37705343859648,-0.028996784210526982
13.705068588256836,99.30689894736842,96.42367578947369,101.12200421052631,98.95085964912282,99.33910792982455,-0.030004777192983313
13.736080408096313,99.26355789473685,96.41947157894737,101.15047157894737,98.94450035087719,99.30084445614035,-0.031024877192982102
13.768082857131958,99.23580210526316,96.41170315789473,101.17536631578947,98.94095719298245,99.25942280701754,-0.03235193684210458
13.799079656600952,99.23580210526316,96.41170315789473,101.17536631578947,98.94095719298245,99.22603382456141,-0.032555426315789046
13.830082654953003,99.29011368421052,96.37176210526316,101.17923157894737,98.94703578947367,99.19947596491228,-0.032071877192982615
13.875093460083008,99.55020631578947,96.47357052631578,101.15144842105263,99.05840842105262,99.17354624561405,-0.03186081228070066
13.906112670898438,99.61502736842105,96.47797263157895,101.15436842105264,99.08245614035089,99.15339231578947,-0.03116949298245686
13.937113285064697,99.64150736842106,96.47392631578947,101.19040842105264,99.10194736842107,99.13725392982455,-0.03051792280701804
13.96913480758667,99.64150736842106,96.47392631578947,101.19040842105264,99.10194736842107,99.12111554385964,-0.02995194912280681
14.000117063522339,99.62116421052632,96.42571157894737,101.16068,99.0691852631579,99.11129782456138,-0.028682691228071634
14.031949758529663,99.62116421052632,96.42571157894737,101.16068,99.0691852631579,99.10148010526314,-0.02737281578947446
14.062253713607788,99.65181052631578,96.48266736842105,101.20016631578947,99.11154807017544,99.09378052631578,-0.02602970877192945
14.09525465965271,99.82672210526316,96.52092842105263,101.35575368421053,99.23446807017542,99.0922269473684,-0.024379301754385806
14.142125129699707,99.43835578947369,96.62158315789473,101.43815157894737,99.1660301754386,99.0872514736842,-0.02308120175438546
14.186263799667358,99.52419789473684,96.81168631578947,101.59958105263158,99.31182175438596,99.08956557894737,-0.02175993684210411
14.217262268066406,99.78681684210527,97.13911578947368,102.03016210526316,99.65203157894736,99.1088901754386,-0.019570224561402227
14.24824571609497,99.92116,97.3382694736842,102.29001263157895,99.84981403508772,99.14182863157896,-0.01651358245613892
14.294459104537964,100.04762736842105,97.48701263157895,102.47605684210527,100.0035656140351,99.18594449122807,-0.012781584210524954
14.340095520019531,100.04762736842105,97.48701263157895,102.47605684210527,100.0035656140351,99.23059564912282,-0.00897090175438393
14.371094942092896,100.19267157894737,97.72080210526316,102.76672210526316,100.22673192982457,99.28835084210527,-0.004435129824560136
14.40212082862854,100.19267157894737,97.72080210526316,102.76672210526316,100.22673192982457,99.35214445614035,0.0006518263157900605
14.43312954902649,100.20393684210526,97.80313684210526,102.7991452631579,100.2687396491228,99.41835642105265,0.005875598245614811
14.480101585388184,100.58410736842106,97.86796631578947,103.00400631578947,100.48536,99.49557656140351,0.011807687719298344
14.510974645614624,100.58410736842106,97.86796631578947,103.00400631578947,100.48536,99.57279670175438,0.017338143859648623
14.541984796524048,100.36826736842106,97.58038315789474,102.99607789473684,100.31490947368422,99.6411903859649,0.02208572105263116
14.576000213623047,100.37078105263159,97.82895789473685,103.09758105263158,100.43244,99.70989196491227,0.026817285964911265
14.61991810798645,100.36983789473685,97.92373263157894,103.08815578947369,100.46057543859649,99.77879792982458,0.031270280701755124
14.652240753173828,100.03081894736842,97.92245263157895,103.10965894736842,100.35431017543858,99.84141607017543,0.03520810701754371
14.684251308441162,100.03081894736842,97.92245263157895,103.10965894736842,100.35431017543858,99.9040342105263,0.03914593333333301
14.72949481010437,99.96819368421053,97.89490105263158,103.42230105263158,100.42846526315789,99.97199821052631,0.04303501929824662
14.774494647979736,99.64349894736841,97.90118105263159,103.35376421052632,100.29948140350878,100.03351301754385,0.0466016456140359
14.808498620986938,99.46482315789474,97.81501052631579,103.3023852631579,100.19407298245615,100.0876392631579,0.0496929368421057
14.853496789932251,99.40336,97.81817473684211,103.36044421052631,100.19399298245612,100.13561550877193,0.05216942807017659
14.899494647979736,99.45141473684211,97.45668421052632,103.38078105263158,100.09629333333334,100.18212866666666,0.05474385964912258
14.947529554367065,99.34979578947369,97.45155578947369,103.40673684210526,100.06936280701755,100.22000571929826,0.05652200701754424
14.979530572891235,99.29647157894736,97.4263452631579,103.36329263157894,100.02870315789472,100.23883929824562,0.056497456140350975
15.024531364440918,99.01121684210527,97.41210736842105,103.62477684210526,100.01603368421053,100.24715028070175,0.05526608245613929
15.071540117263794,98.87637473684211,97.35377052631578,103.4169852631579,99.88237684210526,100.24109084210525,0.05275731754385902
15.118529319763184,98.92142736842105,97.3423052631579,103.31142105263157,99.8583845614035,100.23383178947368,0.050161807017543227
15.165529012680054,98.92142736842105,97.3423052631579,103.31142105263157,99.8583845614035,100.21541442105263,0.04635317894736772
15.210530757904053,98.92142736842105,97.3423052631579,103.31142105263157,99.8583845614035,100.19699705263157,0.042242629824561104
15.255531311035156,98.78938947368421,97.2941852631579,103.3305852631579,99.80472000000002,100.17379607017543,0.037771982456138886
15.302533626556396,99.26815157894737,97.69091789473684,103.41375789473685,100.1242757894737,100.15574185964913,0.033008264912280795
15.348533868789673,99.23612,97.76109263157895,103.37444,100.12388421052633,100.13766807017544,0.0282435684210526
15.380531549453735,99.21592421052631,97.78356,103.28825263157894,100.09591228070174,100.12671821052632,0.024276391228070793
15.411532402038574,99.26378315789474,97.71523789473684,103.34917263157895,100.10939789473684,100.11056610526316,0.020033707017544346
15.442530632019043,99.1916,97.72361473684211,103.28523157894737,100.06681543859649,100.09087810526316,0.015604008771929046
15.473531723022461,99.10626736842106,97.72063157894736,103.22845894736842,100.01845263157895,100.07408522807017,0.011633457894737376
15.505529880523682,99.10626736842106,97.72063157894736,103.22845894736842,100.01845263157895,100.05729235087719,0.007662907017544285
15.551530599594116,99.10424842105263,97.69280210526315,103.20954526315789,100.00219859649123,100.03597901754385,0.003199040350877169
15.58353304862976,99.06887789473684,97.62889684210526,103.17793684210527,99.9585705263158,100.0189334736842,-0.0007289771929826827
15.628529787063599,99.03989052631579,97.58858315789473,103.10350947368421,99.91066105263157,100.00476287719299,-0.004143819298245433
15.659530401229858,99.00344842105264,97.5821305263158,103.15925052631579,99.91494315789475,99.99081038596492,-0.007240256140350709
15.690531492233276,99.14906736842106,97.58332631578948,103.19934105263158,99.97724491228071,99.98485796491227,-0.009863535087719555
15.736063718795776,99.0682547368421,97.60472210526316,103.2437347368421,99.97223719298245,99.98000168421052,-0.012000201754386809
15.783206224441528,99.0682547368421,97.60472210526316,103.2437347368421,99.97223719298245,99.9771783859649,-0.013083045614035883
15.828200817108154,99.0513305263158,97.62046315789473,103.16380842105264,99.94520070175439,99.97363673684211,-0.013675677192981794
15.859201192855835,99.12540421052631,97.62688421052631,103.21786105263158,99.99004982456141,99.9790203859649,-0.013103522807017497
15.892206192016602,99.05822105263158,97.6388,103.11376,99.93692701754385,99.98294750877193,-0.012544214035087719
15.936558246612549,99.07998947368421,97.57296631578947,103.16619789473684,99.93971789473683,99.98701417543859,-0.011420012280701997
15.971560955047607,99.07351157894738,97.56466736842106,103.16087789473684,99.93301894736844,99.99074589473685,-0.01031255789473633
16.014575958251953,99.41694947368421,97.59013263157895,103.18131789473684,100.0628,100.00364989473684,-0.008507308771929446
16.045576572418213,99.41694947368421,97.59013263157895,103.18131789473684,100.0628,100.00057610526315,-0.007758287719298806
16.07705569267273,99.38712631578947,97.59022315789474,103.16497473684211,100.04744140350878,99.99675396491227,-0.007045705263158198
16.11005449295044,100.03684631578948,97.51057052631579,103.11804,100.22181894736842,100.0030492982456,-0.006183445614036031
16.154999017715454,99.96562526315789,97.49720842105263,103.12046105263158,100.19443157894737,100.00730098245614,-0.0051632561403508245
16.19964623451233,99.99091789473684,97.52070315789474,102.82318947368421,100.11160350877192,100.00954038596491,-0.004066885964912359
16.231669187545776,99.84046105263158,97.21255578947368,102.67733263157895,99.91011649122807,100.00412357894737,-0.003498082456140139
16.263667583465576,99.93996421052631,97.11192,102.67187789473684,99.90792070175439,99.99859698245614,-0.0029347684210527802
16.308690547943115,100.04513263157895,97.06561263157894,102.62641684210526,99.91238736842105,99.99410642105263,-0.00209362982456085
16.34054470062256,100.09280842105264,97.06432631578947,102.54527368421053,99.90080280701756,99.99121803508771,-0.0013857719298243864
16.388046979904175,99.82212842105262,96.98848631578947,102.47086105263158,99.76049192982457,99.98370957894738,-0.0010526649122802212
16.434122323989868,99.82212842105262,96.98848631578947,102.47086105263158,99.76049192982457,99.97598701754387,-0.0007411684210524072
16.466122150421143,99.82212842105262,96.98848631578947,102.47086105263158,99.76049192982457,99.96514936842107,-0.000985429824559958
16.5011203289032,99.82212842105262,96.98848631578947,102.47086105263158,99.76049192982457,99.95456210526318,-0.0012719789473671027
16.54302430152893,99.82212842105262,96.98848631578947,102.47086105263158,99.76049192982457,99.94397484210529,-0.001660177192980683
16.575022220611572,99.82212842105262,96.98848631578947,102.47086105263158,99.76049192982457,99.9347394035088,-0.0019448666666654901
16.619023084640503,99.41771789473684,97.08056,102.58048210526316,99.69292,99.91988291228071,-0.0029568736842094266
16.6500244140625,98.99510315789473,97.13119789473684,102.5532652631579,99.55985543859647,99.90102933333335,-0.004095908771928692
16.682026386260986,98.99170315789473,97.09582105263158,102.51187157894736,99.53313192982455,99.88070003508773,-0.005315707017543048
16.728025674819946,99.22462526315789,97.06658736842105,102.48839368421052,99.59320210526316,99.86370919298245,-0.006351835087719593
16.775027751922607,99.18301263157895,97.0394694736842,102.4157705263158,99.54608421052632,99.83787340350878,-0.00828882456140292
16.820472955703735,99.81131789473685,96.58888210526315,101.87621052631579,99.42547017543859,99.8060069122807,-0.009728459649122811
16.852477312088013,99.89346105263158,96.83900631578948,101.83535157894737,99.52260631578947,99.77976515789473,-0.010849440350877159
16.896472930908203,100.02654105263157,96.84512,101.92167368421053,99.59777824561404,99.74856312280701,-0.012724308771929316
16.928475379943848,99.66894315789473,96.86509473684211,101.86453894736842,99.46619228070176,99.71215115789475,-0.014757491228069597
16.97347402572632,99.59659789473685,96.83871368421053,101.79989052631579,99.41173403508772,99.67715768421053,-0.016619135087719172
17.018784046173096,99.55196842105263,96.79706315789474,101.72549263157894,99.3581747368421,99.64956059649123,-0.017728149122807225
17.049784421920776,99.71978526315789,96.73701894736843,101.69075789473685,99.38252070175439,99.62329059649122,-0.01876531929824594
17.096784353256226,99.71978526315789,96.73701894736843,101.69075789473685,99.38252070175439,99.5967972631579,-0.019865457894736947
17.127801418304443,99.73746315789474,96.76766315789473,101.04408631578947,99.18307087719297,99.56091066666667,-0.021515368421052016
17.173020362854004,99.81086105263158,96.7209705263158,101.20983578947369,99.24722245614036,99.53524719298245,-0.02242311929824652
17.204033613204956,99.80514947368421,96.67421894736842,101.1978947368421,99.22575438596492,99.50851031578947,-0.02337383508772035
17.23603844642639,99.68942105263157,96.60511368421052,101.1079452631579,99.13416,99.47719371929824,-0.024397782456141215
17.283060312271118,99.60584631578948,96.55518947368421,100.9485052631579,99.03651368421053,99.44099480701755,-0.025678364912281638
17.314077138900757,99.62669052631578,96.52063578947369,100.87882526315789,99.00871719298247,99.40340607017545,-0.027028438596492066
17.346086740493774,99.6367494736842,96.43252210526316,101.22159789473685,99.09695649122807,99.37022929824562,-0.02822550526315908
17.377015590667725,99.61274526315789,96.47357052631578,101.20775578947368,99.09802385964912,99.34048449122807,-0.02896992105263223
17.409708738327026,99.69953894736842,96.45618736842106,101.25949684210526,99.13840771929824,99.31941210526315,-0.029080861403510027
17.452719926834106,99.61117894736842,96.49567157894737,100.89128210526316,98.99937754385964,99.29272438596493,-0.029398782456139826
17.48372197151184,99.61117894736842,96.49567157894737,100.89128210526316,98.99937754385964,99.26303315789475,-0.03003380175438508
17.51472043991089,99.56224421052632,96.44289894736842,101.08148842105263,99.02887719298246,99.23717280701757,-0.03003502982456041
17.545721769332886,99.63542105263159,96.37200421052631,101.16030736842106,99.05591087719297,99.21869484210526,-0.029365603508771442
17.577720165252686,99.3344947368421,96.35818315789474,101.12011157894737,98.93759649122808,99.1894443508772,-0.029516040350876693
17.62315058708191,99.24099578947369,96.40195578947369,101.0115852631579,98.88484561403509,99.15379771929824,-0.029738270175438685
17.654147386550903,99.24099578947369,96.40195578947369,101.0115852631579,98.88484561403509,99.12473038596492,-0.029371038596491417
17.685168743133545,99.27884,96.42161684210527,101.14729263157895,98.94924982456139,99.1016061754386,-0.02877757543859616
17.71716833114624,99.29695789473685,96.4740652631579,101.13402315789473,98.96834877192983,99.08211487719299,-0.028372285964911724
17.763400077819824,99.58592210526315,96.56353263157895,100.94631157894737,99.03192210526316,99.06458494736843,-0.027935282456139278
17.799400091171265,99.65610105263158,96.59556842105263,101.01173052631579,99.0878,99.04984891228071,-0.027347417543859366
17.841400384902954,99.76252210526316,96.68488631578947,100.76070526315789,99.06937122807017,99.04416392982458,-0.025837336842104718
17.87340259552002,99.84910736842106,96.75842947368422,101.15985894736842,99.25579859649123,99.04459273684212,-0.024532722807016683
17.918400049209595,99.92300421052632,97.26373894736842,101.73688210526316,99.64120842105262,99.0653654385965,-0.02215724385964819
17.94940209388733,100.04653684210527,97.41534105263158,102.35689473684211,99.93959087719298,99.10563698245615,-0.018577836842104744
17.996402263641357,100.07280842105263,97.53902736842105,102.49112842105264,100.03432140350877,99.15552736842106,-0.014273371929824207
18.041901111602783,100.14717263157895,97.63977263157895,102.5975452631579,100.12816350877193,99.21149968421052,-0.009595319298246353
18.072901487350464,100.18184631578947,97.71289263157895,102.7100905263158,100.2016098245614,99.26673235087719,-0.005174847368421354
18.103899002075195,100.23528210526315,97.80255157894737,102.88551157894737,100.30778175438597,99.32722024561403,-0.0006632122807019413
18.134993076324463,100.21373894736843,97.73776210526316,102.83442947368421,100.26197684210526,99.38339870175439,0.0031993298245616584
18.166994094848633,100.21373894736843,97.73776210526316,102.83442947368421,100.26197684210526,99.44652866666668,0.00769021403508745
18.20101308822632,100.18002736842105,97.79355368421052,102.85928,100.2776203508772,99.51044080701755,0.012370382456139594
18.24601411819458,100.18754315789474,97.82641263157895,102.88305684210526,100.29900421052632,99.57394715789474,0.016838717543858194
18.292024850845337,100.1556505263158,97.81651368421052,102.91987789473684,100.29734736842106,99.63601898245614,0.020866207017543558
18.323025465011597,100.1556505263158,97.81651368421052,102.91987789473684,100.29734736842106,99.7040065263158,0.025728108771929926
18.35478138923645,100.15397052631579,97.84676210526315,102.94476631578948,100.31516631578948,99.7755225614035,0.031086242105263295
18.399794816970825,100.11578736842105,97.87420421052632,102.98544631578947,100.32514596491228,99.84753757894735,0.036140359649121476
18.43079376220703,100.16986947368422,97.89403789473684,103.03177894736842,100.36522877192982,99.91833652631578,0.040836517543858974
18.4656081199646,100.19057473684211,97.89728631578947,103.06179368421053,100.38321824561403,99.98907999999999,0.04534825614034972
18.508519411087036,100.18415789473684,97.93205263157894,103.09325263157895,100.40315438596491,100.05764161403508,0.04965283333333233
18.540518760681152,100.11784421052631,97.9449494736842,103.06860210526315,100.37713192982456,100.1221082105263,0.05361296491227989
18.57151985168457,100.11784421052631,97.9449494736842,103.06860210526315,100.37713192982456,100.18749624561403,0.05716661578947253
18.616891622543335,100.14311789473685,97.89407157894736,103.12255789473684,100.38658245614035,100.2440354385965,0.059972135087718925
18.66191816329956,100.13579157894736,97.94061263157894,103.01458105263158,100.36366175438597,100.28015810526315,0.060739633333332675
18.69491744041443,100.11388,97.92738947368422,102.99605684210526,100.34577543859649,100.30046733333333,0.059741517543859146
18.739928245544434,100.10881684210527,97.86008631578947,103.01571157894737,100.3282049122807,100.31516150877192,0.057981707017543016
18.771111488342285,100.05336210526316,97.84805894736841,102.94629894736842,100.28257333333333,100.322882,0.05556911578947421
18.80612802505493,100.05336210526316,97.84805894736841,102.94629894736842,100.28257333333333,100.3269301754386,0.05300989122807067
18.84897017478943,100.19648210526316,97.74291789473685,102.89709263157894,100.27883087719299,100.32548263157896,0.04991311929824675
18.879987001419067,100.19648210526316,97.74291789473685,102.89709263157894,100.27883087719299,100.32632533333336,0.04714633157894852
18.924986600875854,100.29289052631579,97.70009894736842,102.93025263157895,100.30774736842106,100.32861385964914,0.04410425964912292
18.971940994262695,100.23504,97.69593052631579,102.90974947368422,100.28023999999999,100.3287448421053,0.040915201754387454
19.017839193344116,100.30633894736842,97.65330526315789,102.61917473684211,100.1929396491228,100.3234416140351,0.037474722807018426
19.0488498210907,100.14583368421053,97.6836294736842,102.58131368421053,100.13692561403509,100.3154205263158,0.033970077192983436
19.08047604560852,100.14583368421053,97.6836294736842,102.58131368421053,100.13692561403509,100.3073994385965,0.030169645614035547
19.12610149383545,100.14682105263158,97.67083789473685,102.48971157894736,100.10245684210527,100.29676396491229,0.02606207017543909
19.15710425376892,100.14682105263158,97.67083789473685,102.48971157894736,100.10245684210527,100.28562950877195,0.02190459649122971
19.188126802444458,100.05508842105263,97.15716,102.35340631578947,99.85521824561404,100.26012898245615,0.017089622807018402
19.221946716308594,100.0935347368421,97.20152421052632,102.33555368421052,99.87687087719299,100.23481161403508,0.012286580701754701
19.26599884033203,100.07874947368421,97.20637684210526,102.37801684210527,99.88771438596491,100.20903961403509,0.007569900000000729
19.29799723625183,100.1157747368421,97.18503157894737,102.39457052631579,99.89845894736841,100.18510596491228,0.003149887719298761
19.343955516815186,100.14617052631579,97.17849052631578,102.39945684210527,99.90803929824561,100.16165133333332,-0.0012922456140351812
19.37412142753601,100.13870526315789,97.1849452631579,102.40311368421052,99.90892140350877,100.13776828070176,-0.005313357894736725
19.405118703842163,100.13870526315789,97.1849452631579,102.40311368421052,99.90892140350877,100.1150312631579,-0.008256342105262604
19.436089515686035,100.42111157894738,97.18708421052632,102.37972842105263,99.99597473684211,100.09754122807017,-0.010146305263157985
19.468093633651733,100.42111157894738,97.18708421052632,102.37972842105263,99.99597473684211,100.08092971929825,-0.011711589473683403
19.499093055725098,100.5044947368421,97.15082315789473,102.44485052631579,100.03338947368421,100.06847052631579,-0.012720573684210734
19.529950380325317,100.44343789473685,97.48379157894738,102.36192210526316,100.09638385964912,100.05916105263158,-0.013388456140351224
